text,username,timestamp
LULW,jayr4ge,"2022-11-05 23:33:35,724"
peepoClap,ants2311,"2022-11-05 23:33:36,186"
Happi,explosivesalt22,"2022-11-16 16:40:40,317"
Happi ó €€,explosivesalt22,"2022-11-16 16:40:41,908"
OC Uppies,explosivesalt22,"2022-11-16 16:40:44,771"
AWW,explosivesalt22,"2022-11-16 16:40:47,636"
EVEN CUTER Uppies,explosivesalt22,"2022-11-16 16:40:54,696"
I am batman DarkKnight,uvgaming3,"2022-11-16 17:30:43,268"
Whatsup OC fruitH,uvgaming3,"2022-11-16 17:31:00,385"
ay,loserfruits__biggest__fan,"2022-11-16 18:08:57,628"
It's a bit chilly,loserfruits__biggest__fan,"2022-11-16 18:49:23,189"
I hate snow,loserfruits__biggest__fan,"2022-11-16 18:50:42,625"
Get it out of here,loserfruits__biggest__fan,"2022-11-16 18:50:49,495"
It'd be nice if it wasn't cold,loserfruits__biggest__fan,"2022-11-16 18:51:15,566"
Bc wet+cold makes me grumpy,loserfruits__biggest__fan,"2022-11-16 18:51:37,819"
The cold in general makes me grumpy,loserfruits__biggest__fan,"2022-11-16 18:51:53,485"
watching the goat sim vod from last night and lufu uh didn't tag the right goat sim account PepeLaugh,starrytyler,"2022-11-16 18:59:33,179"
unless they have 248 followers and no posts then it's wrong PepeLaugh,starrytyler,"2022-11-16 18:59:52,034"
BabyEat ty,loserfruits__biggest__fan,"2022-11-16 19:03:33,162"
Oh you are not grumpy usually?,uvgaming3,"2022-11-16 19:03:57,993"
Depends,loserfruits__biggest__fan,"2022-11-16 19:04:07,035"
I'm usually more grumpy when it's cold bc I get annoyed that it's cold,loserfruits__biggest__fan,"2022-11-16 19:04:29,075"
LUL,uvgaming3,"2022-11-16 19:04:29,169"
Cold is worse than heat,loserfruits__biggest__fan,"2022-11-16 19:05:07,537"
This is my first time living in a snowy environment snow is cool but not the coldness fruitHmm,uvgaming3,"2022-11-16 19:05:40,657"
"""BuT wHeN iTs CoLd YoU cAn JuSt PuT oN mOrE lAyErS""",loserfruits__biggest__fan,"2022-11-16 19:05:50,613"
My peripherals are all from Corsair. Check out the range here: https://go.corsair.com/c/2543939/498622/8513,nightbot,"2022-11-16 19:06:11,229"
BabyEat layla,starrytyler,"2022-11-16 19:06:23,683"
Trust me cold is not worse than heat if you have right clothes LUL,uvgaming3,"2022-11-16 19:06:30,606"
Except for the fact that everyone forgets how to drive when it starts snowing,loserfruits__biggest__fan,"2022-11-16 19:06:35,290"
Ty fruitH,uvgaming3,"2022-11-16 19:06:37,394"
NO UV,loserfruits__biggest__fan,"2022-11-16 19:07:03,940"
i prefer cold over heat tbh LUL my skin gets so uncomfortable and like super weird feeling when i'm hot,starrytyler,"2022-11-16 19:07:05,629"
UV fruitHigher,starrytyler,"2022-11-16 19:07:08,456"
WHAT,loserfruits__biggest__fan,"2022-11-16 19:07:10,208"
NO,loserfruits__biggest__fan,"2022-11-16 19:07:27,303"
tbf tho i live in the florida of australia,starrytyler,"2022-11-16 19:07:31,879"
I am originally from india and trust me heat there is insane,uvgaming3,"2022-11-16 19:07:54,374"
I live in Ohio when it's 100 F one day and then 30 F the next :),loserfruits__biggest__fan,"2022-11-16 19:08:05,202"
Idk Fahrenheit temps LUL,uvgaming3,"2022-11-16 19:08:40,803"
can you explain the Ohio meme then? LUL,starrytyler,"2022-11-16 19:08:44,978"
noone does,jayr4ge,"2022-11-16 19:08:51,016"
The only in ohio meme,loserfruits__biggest__fan,"2022-11-16 19:08:55,418"
?,loserfruits__biggest__fan,"2022-11-16 19:08:56,388"
in fahrenheit the higher it is the colder,starrytyler,"2022-11-16 19:09:07,250"
i think,starrytyler,"2022-11-16 19:09:08,419"
No,loserfruits__biggest__fan,"2022-11-16 19:09:16,533"
OMEGALUL,loserfruits__biggest__fan,"2022-11-16 19:09:19,583"
freedom units KKona,jayr4ge,"2022-11-16 19:09:25,169"
right ok,starrytyler,"2022-11-16 19:09:39,748"
so,starrytyler,"2022-11-16 19:09:40,814"
100F is like what 40C i think,jayr4ge,"2022-11-16 19:09:42,199"
stay in school OMEGALUL,starrytyler,"2022-11-16 19:09:45,531"
Idk,loserfruits__biggest__fan,"2022-11-16 19:09:48,021"
sounds right tbh,starrytyler,"2022-11-16 19:10:04,681"
40c is unbearable,starrytyler,"2022-11-16 19:10:12,026"
That's our summer,loserfruits__biggest__fan,"2022-11-16 19:10:34,639"
its 37 btw,jayr4ge,"2022-11-16 19:10:41,211"
Yea,loserfruits__biggest__fan,"2022-11-16 19:10:45,052"
I have to live in 50c with no AC Kappa,uvgaming3,"2022-11-16 19:10:49,616"
Had*,uvgaming3,"2022-11-16 19:10:56,312"
i swear AC should be a requirement for homes,starrytyler,"2022-11-16 19:11:09,995"
I hate anything under 4 C,loserfruits__biggest__fan,"2022-11-16 19:11:34,275"
Its very expensive in india only certain amount of people could afford it,uvgaming3,"2022-11-16 19:11:39,205"
Sadge,loserfruits__biggest__fan,"2022-11-16 19:11:46,074"
I am in -2c rn,uvgaming3,"2022-11-16 19:12:00,093"
I'm in 0 rn,loserfruits__biggest__fan,"2022-11-16 19:12:28,345"
Slayy,loserfruits__biggest__fan,"2022-11-16 19:12:30,479"
The feels like is -4,loserfruits__biggest__fan,"2022-11-16 19:12:39,991"
Celsius btw,loserfruits__biggest__fan,"2022-11-16 19:12:46,616"
"it's 30c atm, my tattoo is hot bc it's healing and i'm hot LUL",starrytyler,"2022-11-16 19:12:48,861"
My feels like is -6c LUL,uvgaming3,"2022-11-16 19:13:01,553"
feels like is the actual temp,starrytyler,"2022-11-16 19:13:30,053"
My feels like is -5 c,loserfruits__biggest__fan,"2022-11-16 19:13:33,032"
the one you see is what it's like in the shade,starrytyler,"2022-11-16 19:13:40,681"
I love heat,loserfruits__biggest__fan,"2022-11-16 19:14:33,032"
It's just very comfy,loserfruits__biggest__fan,"2022-11-16 19:14:47,573"
There has been no sun for over a week but maybe next week it will come back LUL,uvgaming3,"2022-11-16 19:15:00,869"
no sun? are you from UK?,jayr4ge,"2022-11-16 19:15:22,961"
No from canada LUL,uvgaming3,"2022-11-16 19:15:35,028"
ah okay,jayr4ge,"2022-11-16 19:15:39,516"
LUL,jayr4ge,"2022-11-16 19:15:40,791"
That sounds cool tbh,loserfruits__biggest__fan,"2022-11-16 19:15:53,716"
AHHH,loserfruits__biggest__fan,"2022-11-16 19:16:23,266"
Wait...,loserfruits__biggest__fan,"2022-11-16 19:16:26,167"
It is COOL fruitOmfy,uvgaming3,"2022-11-16 19:16:32,248"
I can change my username back to just singular underscores at the end of the month HYPERPOGGER,loserfruits__biggest__fan,"2022-11-16 19:17:01,923"
I forgot,loserfruits__biggest__fan,"2022-11-16 19:17:04,519"
Wait lemme check the date I have it in my calendar,loserfruits__biggest__fan,"2022-11-16 19:17:18,481"
WOOOOO,loserfruits__biggest__fan,"2022-11-16 19:17:37,796"
YEAYAYAYSGVS,loserfruits__biggest__fan,"2022-11-16 19:17:41,788"
I forgot until just now lol,loserfruits__biggest__fan,"2022-11-16 19:17:51,363"
I am also going to change 3 with an underscore btw UV and gaming,uvgaming3,"2022-11-16 19:18:29,546"
By the end of this month,uvgaming3,"2022-11-16 19:18:42,001"
What if I steal that from you? Hmm,uvgaming3,"2022-11-16 19:19:16,266"
You will get BabyEat ed,loserfruits__biggest__fan,"2022-11-16 19:19:33,636"
Then i will be loserfruits biggest fan you will be 2nd best monkaHmm,uvgaming3,"2022-11-16 19:20:23,437"
ERM,loserfruits__biggest__fan,"2022-11-16 19:20:31,287"
Other way around fruitSass,loserfruits__biggest__fan,"2022-11-16 19:20:37,874"
I dont even want that LUL,uvgaming3,"2022-11-16 19:21:40,728"
You dont need a name to be a fan Hmm,uvgaming3,"2022-11-16 19:21:56,083"
NODDERS,loserfruits__biggest__fan,"2022-11-16 19:22:03,597"
Some channels have not activated christmas emotes yet,uvgaming3,"2022-11-16 19:22:48,541"
I love Christmas widepeepoHappy,loserfruits__biggest__fan,"2022-11-16 19:23:08,320"
i would assume most didnt yet,jayr4ge,"2022-11-16 19:23:10,595"
I recieved so many gifted subs lately of streamers i never watch LUL,uvgaming3,"2022-11-16 19:23:27,841"
like cray winter worthy etc.,uvgaming3,"2022-11-16 19:23:38,380"
LUL,loserfruits__biggest__fan,"2022-11-16 19:23:47,062"
I just love Christmas bc all of the vibes if you know what I mean,loserfruits__biggest__fan,"2022-11-16 19:24:07,426"
Everything's just so pretty,loserfruits__biggest__fan,"2022-11-16 19:24:18,993"
My first christmas too LUL,uvgaming3,"2022-11-16 19:24:25,534"
widepeepoHappy,loserfruits__biggest__fan,"2022-11-16 19:24:40,839"
I always feel guilty bc of receiving gifts and not giving them bc I don't have money OMEGADANCEBUTFAST,loserfruits__biggest__fan,"2022-11-16 19:25:22,243"
I have seen decorations and they are looking very nice but i dont know where to go on christmas OMEGALUL,uvgaming3,"2022-11-16 19:25:44,251"
Dont worry santa is giving them as you LUL,uvgaming3,"2022-11-16 19:26:06,815"
Twitch chats Kappa,loserfruits__biggest__fan,"2022-11-16 19:26:09,331"
Oh yes Santa...,loserfruits__biggest__fan,"2022-11-16 19:26:19,634"
Yes,loserfruits__biggest__fan,"2022-11-16 19:26:24,487"
christmas is the one day you meet with your family you dont visit the whole year,jayr4ge,"2022-11-16 19:27:06,258"
which becomes a yearly thing,jayr4ge,"2022-11-16 19:27:11,510"
But i live with my family Kappa,uvgaming3,"2022-11-16 19:27:27,906"
So twitch chats it is NODDERS,uvgaming3,"2022-11-16 19:27:40,760"
idk for me its an ordinary day except i dont have to work and eat yummy food fruitShrug,jayr4ge,"2022-11-16 19:27:41,145"
Honestly I just like the lights and stuff LUL and everyone seems so happy around Christmas so it makes me happy,loserfruits__biggest__fan,"2022-11-16 19:28:36,733"
widepeepoHappy,loserfruits__biggest__fan,"2022-11-16 19:28:40,880"
I think it will snow here on christmas so i might enjoy it with my landlords kids LUL,uvgaming3,"2022-11-16 19:29:15,383"
most people seem pretty stressed around xmas because they desperately try to get presents Keepo,jayr4ge,"2022-11-16 19:29:26,375"
LULW,loserfruits__biggest__fan,"2022-11-16 19:30:29,252"
LULW,uvgaming3,"2022-11-16 19:30:33,432"
"Ok, goodnight now",loserfruits__biggest__fan,"2022-11-16 19:31:12,962"
Actually i forgot i will buy myself a gift which is new laptop,uvgaming3,"2022-11-16 19:31:39,045"
Nini layla peepoBye,uvgaming3,"2022-11-16 19:31:55,173"
nini fruitSleep,jayr4ge,"2022-11-16 19:32:11,599"
Ï€ÎµÎµÏ€Î¿Î·ÎµÏ…Î¼Î±Ï„Ï„,puntoulis,"2022-11-17 14:02:06,453"
peepoHey matt,puntoulis,"2022-11-17 14:02:13,042"
Punt widepeepoHappy,matt21799,"2022-11-17 14:02:30,049"
ThinkingAboutPokimane,nightbot,"2022-11-17 14:02:30,297"
ThinkingAboutPokimane,youoh98,"2022-11-17 14:07:40,778"
ThinkingAboutPokimane,loupinstormborn,"2022-11-17 14:10:20,768"
iâ€™ve made a mistake,mrstiara,"2022-11-17 14:19:20,291"
ThinkingAboutPokimane,puntoulis,"2022-11-17 14:19:24,260"
my body thought it was nap time,mrstiara,"2022-11-17 14:19:33,716"
peepoCoffee,puntoulis,"2022-11-17 14:19:34,127"
?,puntoulis,"2022-11-17 14:19:35,721"
pepeW,mrstiara,"2022-11-17 14:19:38,205"
i woke back up pepeW now wot,mrstiara,"2022-11-17 14:19:47,369"
going to sleep early was a mistake,mrstiara,"2022-11-17 14:20:00,160"
yo T daphHug,loupinstormborn,"2022-11-17 14:20:42,091"
pepeW,puntoulis,"2022-11-17 14:20:46,720"
naps can be the worst,loupinstormborn,"2022-11-17 14:20:55,022"
wtfffffffffff,mrstiara,"2022-11-17 14:21:08,950"
now wot,mrstiara,"2022-11-17 14:21:10,878"
ahhhhhhhhhhh,mrstiara,"2022-11-17 14:21:18,267"
Aware,loupinstormborn,"2022-11-17 14:21:20,718"
oh,mrstiara,"2022-11-17 14:21:23,058"
X is live,mrstiara,"2022-11-17 14:21:25,265"
its like your body knew,loupinstormborn,"2022-11-17 14:21:42,031"
botez PogU,mrstiara,"2022-11-17 14:22:12,356"
botez Kreygasm,loupinstormborn,"2022-11-17 14:22:20,400"
idk who the others are,mrstiara,"2022-11-17 14:22:36,940"
juiced time xqcL,mrstiara,"2022-11-17 14:22:42,765"
Hmm,mrstiara,"2022-11-17 14:23:27,512"
probably japan,mrstiara,"2022-11-17 14:23:33,025"
but thats just taste,mrstiara,"2022-11-17 14:23:38,569"
ALREADY CHEATING,mrstiara,"2022-11-17 14:23:44,217"
WHAT THE FUCK,mrstiara,"2022-11-17 14:23:50,204"
i donâ€™t like sushi that much,bengrik,"2022-11-17 14:23:52,811"
i dont like fish,mrstiara,"2022-11-17 14:24:08,028"
i like sushi without fish,mrstiara,"2022-11-17 14:24:12,318"
LULW,mrstiara,"2022-11-17 14:24:16,364"
i like um,mrstiara,"2022-11-17 14:24:23,519"
chicken avaocado sushi,loupinstormborn,"2022-11-17 14:24:24,345"
Kreygasm,loupinstormborn,"2022-11-17 14:24:26,413"
LULW,bengrik,"2022-11-17 14:24:27,212"
pizza and stuff,mrstiara,"2022-11-17 14:24:28,267"
italy,mrstiara,"2022-11-17 14:24:32,281"
?,mrstiara,"2022-11-17 14:24:33,535"
yes,bengrik,"2022-11-17 14:24:36,409"
Thinkge,mrstiara,"2022-11-17 14:24:39,145"
pizza pats,bengrik,"2022-11-17 14:24:40,983"
pasta,bengrik,"2022-11-17 14:24:44,708"
italy might have best foo,mrstiara,"2022-11-17 14:24:52,278"
ItalianHands,loupinstormborn,"2022-11-17 14:24:52,755"
mexican for me,loupinstormborn,"2022-11-17 14:25:05,015"
i shouldnâ€™t have looked at twitch I just got into bed,bengrik,"2022-11-17 14:25:18,552"
thats where chris prtt is from!,mrstiara,"2022-11-17 14:25:34,394"
oh wait,mrstiara,"2022-11-17 14:25:37,138"
KEKWait,mrstiara,"2022-11-17 14:25:39,525"
OMEGADANCEBUTFAST,bengrik,"2022-11-17 14:25:47,721"
he's so cool BatChest,loupinstormborn,"2022-11-17 14:25:50,385"
ACTION Follow me! https://www.tiktok.com/@loserfruit - TikTok fruitYay https://twitter.com/loserfruit - Twitter fruitNote http://instagram.com/loserfruit - Instagram fruitCreep https://www.youtube.com/loserfruit - Gaming fruitS https://www.youtube.com/lufu - Vlogs fruitSass https://www.reddit.com/r/LoserfruitOfficial - Reddit FeelsRedditMan,nightbot,"2022-11-17 14:26:07,386"
KKonaW,mrstiara,"2022-11-17 14:26:11,177"
MURICA,mrstiara,"2022-11-17 14:26:14,757"
HELL YEAH BROTHER,mrstiara,"2022-11-17 14:26:18,087"
forsenLaughingAtYou,bengrik,"2022-11-17 14:26:58,582"
i didnt think of america either,mrstiara,"2022-11-17 14:27:00,374"
to be honest,mrstiara,"2022-11-17 14:27:02,904"
who the fuck even wpuld say that,mrstiara,"2022-11-17 14:27:09,479"
Mr C LULW,mrstiara,"2022-11-17 14:27:24,912"
france oui oui xqcM,mrstiara,"2022-11-17 14:27:29,814"
LMAOOO,mrstiara,"2022-11-17 14:27:32,939"
i bet Korea is on there,bengrik,"2022-11-17 14:28:09,005"
AYAYA chillz,mrstiara,"2022-11-17 14:28:11,466"
NaM Tssk Weebs behave!,nightbot,"2022-11-17 14:28:11,686"
korean street food seems really good,mrstiara,"2022-11-17 14:28:22,355"
but i cant say,mrstiara,"2022-11-17 14:28:24,926"
yeah,bengrik,"2022-11-17 14:28:27,228"
cus i never had much of it,mrstiara,"2022-11-17 14:28:31,701"
so idk,mrstiara,"2022-11-17 14:28:35,590"
never tried it but it looks good,bengrik,"2022-11-17 14:28:37,060"
only korean thing ive tried is kimchi,loupinstormborn,"2022-11-17 14:28:46,342"
good?,mrstiara,"2022-11-17 14:28:58,928"
I loved it,loupinstormborn,"2022-11-17 14:29:02,697"
Kreygasm,loupinstormborn,"2022-11-17 14:29:06,166"
mexico is tacos and stuff?,mrstiara,"2022-11-17 14:29:12,842"
yeah,loupinstormborn,"2022-11-17 14:29:16,473"
yeah,bengrik,"2022-11-17 14:29:16,657"
yummy,mrstiara,"2022-11-17 14:29:25,609"
I had tacos today Okay,loupinstormborn,"2022-11-17 14:29:33,402"
Okay,mrstiara,"2022-11-17 14:29:36,667"
i had pizza,mrstiara,"2022-11-17 14:29:39,482"
of course,mrstiara,"2022-11-17 14:29:41,939"
yummy,loupinstormborn,"2022-11-17 14:29:43,591"
fruitLud chillz,mrstiara,"2022-11-17 14:29:59,075"
KEKWait,mrstiara,"2022-11-17 14:30:12,965"
ACTION Watch all of Loserfruits past playthroughs on her secret Youtube channel fruitBad - https://www.youtube.com/LoserfruitDaily,nightbot,"2022-11-17 14:30:16,971"
exâ€™s KEKWait,mrstiara,"2022-11-17 14:30:17,876"
have you seen deez dragons Kapp,bengrik,"2022-11-17 14:30:20,211"
LMAOOvsgshfjsf,mrstiara,"2022-11-17 14:30:21,382"
its probablu nr 1,mrstiara,"2022-11-17 14:30:36,247"
rich is here PagBounce,loupinstormborn,"2022-11-17 14:30:36,725"
fruitCry,mrstiara,"2022-11-17 14:30:41,154"
AHAHSHDHSHAHDHSHA,bengrik,"2022-11-17 14:30:44,032"
fruitCry ó €€,mrstiara,"2022-11-17 14:30:46,595"
fruitCry,mrstiara,"2022-11-17 14:30:49,797"
HAHAHAHAHDHAHA,mrstiara,"2022-11-17 14:31:00,648"
YODIELAND,mrstiara,"2022-11-17 14:31:02,559"
3Head,loupinstormborn,"2022-11-17 14:31:02,637"
HAHAHAHAHAHAHAHA,bengrik,"2022-11-17 14:31:03,855"
OMEGADANCEBUTFAST,mrstiara,"2022-11-17 14:31:04,732"
fadedthanaho,bengrik,"2022-11-17 14:31:07,074"
GOOD ONE,mrstiara,"2022-11-17 14:31:07,687"
fadedthanaho,mrstiara,"2022-11-17 14:31:10,240"
ACTION fruitOmfy FOLLOW MY CATS HERE -> https://instagram.com/fruityscats fruitChonk,nightbot,"2022-11-17 14:31:10,975"
fadedthanaho ó €€,mrstiara,"2022-11-17 14:31:12,087"
fadedthanaho,mrstiara,"2022-11-17 14:31:14,629"
"man rich is always somewhere different, LA, texas and new york",loupinstormborn,"2022-11-17 14:31:58,184"
is that someone from the left team,mrstiara,"2022-11-17 14:32:34,690"
yes,bengrik,"2022-11-17 14:32:41,517"
who has the most rizz? fulcrum for sure,mrstiara,"2022-11-17 14:32:44,475"
yeah the one with the bluew cap,loupinstormborn,"2022-11-17 14:32:46,345"
OTK,loupinstormborn,"2022-11-17 14:32:49,979"
wtf is rizz,loupinstormborn,"2022-11-17 14:32:54,606"
like,mrstiara,"2022-11-17 14:32:58,504"
rizz is like,mrstiara,"2022-11-17 14:33:05,126"
charm,mrstiara,"2022-11-17 14:33:07,076"
charm factor,mrstiara,"2022-11-17 14:33:10,492"
getting bitches,mrstiara,"2022-11-17 14:33:14,326"
basically,mrstiara,"2022-11-17 14:33:16,557"
fruitNote oh ok,loupinstormborn,"2022-11-17 14:33:19,500"
if u have W rizz u are good with picking up women,mrstiara,"2022-11-17 14:33:23,794"
rich wins that then,loupinstormborn,"2022-11-17 14:33:24,790"
itâ€™s something kai made up,mrstiara,"2022-11-17 14:33:30,353"
like T has W rizz,bengrik,"2022-11-17 14:33:30,571"
yeah exactly,mrstiara,"2022-11-17 14:33:34,464"
i have mommy rizz,mrstiara,"2022-11-17 14:33:38,571"
they all love me,mrstiara,"2022-11-17 14:33:44,181"
LULW,bengrik,"2022-11-17 14:33:46,579"
WubTF,mrstiara,"2022-11-17 14:33:50,437"
MY GUY EXPLAINING A WHOLE ASS ANIME,mrstiara,"2022-11-17 14:33:59,376"
EXPLAIN,mrstiara,"2022-11-17 14:34:04,251"
Check out my new videos! Main Channel: https://youtu.be/E1v9d6omyKs Vlog Channel: https://youtu.be/O_s-Kl8Aezo Loserfruit 2.0: https://youtu.be/vT7GjnZieQM,nightbot,"2022-11-17 14:34:10,656"
WHO ASKED MY DUDE,mrstiara,"2022-11-17 14:34:13,199"
EXPLAIN I sleep with a pornstar,loupinstormborn,"2022-11-17 14:34:18,051"
PogO AZAN,loupinstormborn,"2022-11-17 14:34:33,649"
LULW,loupinstormborn,"2022-11-17 14:34:47,617"
TRUEEEEE,mrstiara,"2022-11-17 14:34:52,202"
baseg,loupinstormborn,"2022-11-17 14:35:01,845"
ahahahahahahahhaa,mrstiara,"2022-11-17 14:35:04,207"
aintnoway,mrstiara,"2022-11-17 14:35:10,538"
no shot,loupinstormborn,"2022-11-17 14:35:16,090"
N OMEGALUL S H OMEGALUL T,mrstiara,"2022-11-17 14:35:24,572"
OMEGALUL,bengrik,"2022-11-17 14:35:29,800"
HAHAHAHA HE DID THE POSE,mrstiara,"2022-11-17 14:35:30,971"
DIESOFCRINGE,mrstiara,"2022-11-17 14:35:36,296"
daphYikes,loupinstormborn,"2022-11-17 14:35:42,496"
YIKES,mrstiara,"2022-11-17 14:35:46,235"
YIKES,bengrik,"2022-11-17 14:35:51,993"
forsen #1 ?,mrstiara,"2022-11-17 14:35:55,485"
ofc,loupinstormborn,"2022-11-17 14:36:00,100"
surely,bengrik,"2022-11-17 14:36:02,524"
EZ,loupinstormborn,"2022-11-17 14:36:02,615"
EZ,mrstiara,"2022-11-17 14:36:06,516"
itâ€™s mrstiara,bengrik,"2022-11-17 14:36:15,344"
ah,mrstiara,"2022-11-17 14:36:39,985"
valorant LULW,loupinstormborn,"2022-11-17 14:36:46,664"
Anyone got Euro Truck Sim 2 and wants to convoy in an hour? popCat,gigglezog,"2022-11-17 14:36:46,882"
"i imagined going on that call thing with X and i would ask him to teach me the luddy, and to get sturdy",mrstiara,"2022-11-17 14:37:06,700"
FeelsWowMan,mrstiara,"2022-11-17 14:37:21,146"
you'd be so good at the sturdy T,loupinstormborn,"2022-11-17 14:37:26,171"
nobody would answer that,mrstiara,"2022-11-17 14:37:27,366"
he is so dumb,mrstiara,"2022-11-17 14:37:30,068"
LULW,bengrik,"2022-11-17 14:37:30,425"
where the fuck do they get these people from,mrstiara,"2022-11-17 14:37:42,170"
theyâ€™re so dumb,mrstiara,"2022-11-17 14:37:45,467"
sorry,mrstiara,"2022-11-17 14:37:47,397"
thatâ€™s the most normie answer ever WeirdChamp,bengrik,"2022-11-17 14:37:52,839"
neither of those,mrstiara,"2022-11-17 14:37:52,930"
they're huge LULW,loupinstormborn,"2022-11-17 14:37:53,851"
well i know theyâ€™re huge but thats not what twitch chat will answer cmon,mrstiara,"2022-11-17 14:38:12,219"
will is dumb though,loupinstormborn,"2022-11-17 14:38:13,546"
FeelsBadMan,gigglezog,"2022-11-17 14:38:22,951"
"dont have the game, sorry",mrstiara,"2022-11-17 14:38:33,686"
I dont play anything these days,loupinstormborn,"2022-11-17 14:38:45,554"
pete davidson LULWE,loupinstormborn,"2022-11-17 14:39:02,595"
ACTION Follow me! https://www.tiktok.com/@loserfruit - TikTok fruitYay https://twitter.com/loserfruit - Twitter fruitNote http://instagram.com/loserfruit - Instagram fruitCreep https://www.youtube.com/loserfruit - Gaming fruitS https://www.youtube.com/lufu - Vlogs fruitSass https://www.reddit.com/r/LoserfruitOfficial - Reddit FeelsRedditMan,nightbot,"2022-11-17 14:39:05,874"
im not the only one who thinks Iâ€™d do better right,bengrik,"2022-11-17 14:39:13,860"
no i know i would do better,mrstiara,"2022-11-17 14:39:29,530"
"its forsen, forsen, forsen and forsen",loupinstormborn,"2022-11-17 14:39:31,904"
Supposedly Pete Davidson is slinging a massive hog,gigglezog,"2022-11-17 14:39:33,025"
i dont just think it,mrstiara,"2022-11-17 14:39:34,987"
lynHmm,matt21799,"2022-11-17 14:39:38,980"
good for him,mrstiara,"2022-11-17 14:39:43,212"
NODDERS,gigglezog,"2022-11-17 14:39:48,496"
hes one of the least attractive people for me,mrstiara,"2022-11-17 14:39:55,041"
oh yeah? well I got a 3cm,loupinstormborn,"2022-11-17 14:39:56,067"
ME,mrstiara,"2022-11-17 14:39:56,622"
beat that,loupinstormborn,"2022-11-17 14:39:59,707"
ME,bengrik,"2022-11-17 14:40:01,967"
LMAOOOOO,mrstiara,"2022-11-17 14:40:02,366"
Ok KappaPride,gigglezog,"2022-11-17 14:40:05,235"
But only cause you asked so nicely,gigglezog,"2022-11-17 14:40:08,715"
Gayge,loupinstormborn,"2022-11-17 14:40:12,189"
fruitSalami,matt21799,"2022-11-17 14:40:15,329"
HAHSHAHAHAHAHA,mrstiara,"2022-11-17 14:40:17,782"
AHAHAHAGAHAHAHHA,bengrik,"2022-11-17 14:40:21,711"
THEY ARE SO CLUELESS,mrstiara,"2022-11-17 14:40:23,358"
HELP,mrstiara,"2022-11-17 14:40:24,822"
Clueless,bengrik,"2022-11-17 14:40:28,093"
terrible answer,mrstiara,"2022-11-17 14:40:38,735"
how is pete attractive,mrstiara,"2022-11-17 14:40:47,588"
sorry,mrstiara,"2022-11-17 14:40:48,843"
is that rude,mrstiara,"2022-11-17 14:40:52,705"
he's not,loupinstormborn,"2022-11-17 14:40:53,854"
he has no rizz to me,mrstiara,"2022-11-17 14:40:58,204"
he just got a big dick,loupinstormborn,"2022-11-17 14:40:58,487"
i donâ€™t think he is,bengrik,"2022-11-17 14:41:02,838"
who cares about big dick,mrstiara,"2022-11-17 14:41:05,596"
thats stupid,mrstiara,"2022-11-17 14:41:07,694"
sorry,mrstiara,"2022-11-17 14:41:10,423"
lots of women apprenetly,loupinstormborn,"2022-11-17 14:41:13,855"
sigh,mrstiara,"2022-11-17 14:41:19,049"
HUHH,mrstiara,"2022-11-17 14:41:24,746"
HUHH ó €€,mrstiara,"2022-11-17 14:41:26,357"
HUH,loupinstormborn,"2022-11-17 14:41:27,199"
HUHH,mrstiara,"2022-11-17 14:41:28,071"
NOSE TRUEEEE,mrstiara,"2022-11-17 14:41:32,594"
idk if big dick makes u attractive tho,bengrik,"2022-11-17 14:41:36,093"
NOSE LULW,loupinstormborn,"2022-11-17 14:41:36,339"
thats why his relationships are short beb,loupinstormborn,"2022-11-17 14:41:50,567"
LMAOOO,mrstiara,"2022-11-17 14:41:57,955"
BIG DICK BUT SHORT RELATIONSHIP,mrstiara,"2022-11-17 14:42:06,052"
better otherbwaybaround,mrstiara,"2022-11-17 14:42:09,580"
forsenLaughingAtYou,loupinstormborn,"2022-11-17 14:42:10,672"
but he doesnâ€™t get women by showing his dick does he?,bengrik,"2022-11-17 14:42:17,447"
everyone knows though,loupinstormborn,"2022-11-17 14:42:25,770"
elisShrug,mrstiara,"2022-11-17 14:42:26,149"
i didnt but idk him,mrstiara,"2022-11-17 14:42:36,556"
i only knew him from dating kim,mrstiara,"2022-11-17 14:42:46,489"
xqcN chillz,mrstiara,"2022-11-17 14:42:51,134"
big nose,mrstiara,"2022-11-17 14:42:59,276"
exemNose,loupinstormborn,"2022-11-17 14:43:00,590"
LULW,loupinstormborn,"2022-11-17 14:43:04,741"
big ego,mrstiara,"2022-11-17 14:43:06,555"
classic,loupinstormborn,"2022-11-17 14:43:06,633"
big cock,mrstiara,"2022-11-17 14:43:09,854"
HUH,loupinstormborn,"2022-11-17 14:43:15,181"
big mclaren,mrstiara,"2022-11-17 14:43:17,577"
I mean we saw his dick tbf,loupinstormborn,"2022-11-17 14:43:22,236"
i was there live,mrstiara,"2022-11-17 14:43:30,587"
WubTF,mrstiara,"2022-11-17 14:43:33,191"
WubTF,loupinstormborn,"2022-11-17 14:43:38,544"
what else big could he have,mrstiara,"2022-11-17 14:43:51,327"
a big mom,mrstiara,"2022-11-17 14:43:58,933"
house?,bengrik,"2022-11-17 14:43:59,638"
OMEGADANCEBUTFAST,mrstiara,"2022-11-17 14:44:00,799"
OMEGADANCEBUTFAST ó €€,mrstiara,"2022-11-17 14:44:04,894"
a big forsen,mrstiara,"2022-11-17 14:44:15,734"
did they ban forsen again,mrstiara,"2022-11-17 14:44:19,917"
DICK WubTF,mrstiara,"2022-11-17 14:44:26,309"
nah forsen is live atm,loupinstormborn,"2022-11-17 14:44:31,623"
no i mean from answers,mrstiara,"2022-11-17 14:44:39,054"
oh Sadge,loupinstormborn,"2022-11-17 14:44:42,839"
sometimes they have to ban answers,mrstiara,"2022-11-17 14:44:47,391"
they better not ReallyMad,loupinstormborn,"2022-11-17 14:44:47,924"
if chat always answers it,mrstiara,"2022-11-17 14:44:51,202"
like,mrstiara,"2022-11-17 14:44:56,291"
adept had to get banned,mrstiara,"2022-11-17 14:45:01,768"
from answer,mrstiara,"2022-11-17 14:45:04,648"
forsen always smiles at xqc clips ðŸ˜Š,loupinstormborn,"2022-11-17 14:45:05,859"
awww,mrstiara,"2022-11-17 14:45:09,340"
SoCute,mrstiara,"2022-11-17 14:45:11,425"
ACTION fruitOmfy FOLLOW MY CATS HERE -> https://instagram.com/fruityscats fruitChonk,nightbot,"2022-11-17 14:45:13,396"
Physically? Nah.  Pete looks like a drug dealer,gigglezog,"2022-11-17 14:45:37,647"
Clueless shirley,loupinstormborn,"2022-11-17 14:45:44,572"
i knew it,mrstiara,"2022-11-17 14:45:50,583"
i said ego,mrstiara,"2022-11-17 14:45:53,799"
LULW,mrstiara,"2022-11-17 14:45:56,535"
you did EZ,loupinstormborn,"2022-11-17 14:46:00,135"
he looks like a dealer that did all the drugs,bengrik,"2022-11-17 14:46:00,609"
are they jacking it?,loupinstormborn,"2022-11-17 14:46:10,079"
HAHAHAHA,mrstiara,"2022-11-17 14:46:13,551"
GOOD ONE LULW,mrstiara,"2022-11-17 14:46:17,052"
brain LULW sure,loupinstormborn,"2022-11-17 14:46:40,250"
a big penjamin,mrstiara,"2022-11-17 14:46:45,996"
OMEGADANCEBUTFAST,loupinstormborn,"2022-11-17 14:46:59,051"
literally,mrstiara,"2022-11-17 14:47:01,015"
HAHAHAHAHA,mrstiara,"2022-11-17 14:47:08,082"
OMEGADANCEBUTFAST,bengrik,"2022-11-17 14:47:12,802"
XQSKELETON,loupinstormborn,"2022-11-17 14:47:19,714"
i know what people would answer for lud though,mrstiara,"2022-11-17 14:47:23,395"
elisSmile,mrstiara,"2022-11-17 14:47:29,821"
BALLS,bengrik,"2022-11-17 14:47:30,127"
COCKA,mrstiara,"2022-11-17 14:47:37,476"
Jebaited,loupinstormborn,"2022-11-17 14:47:52,146"
HAHAHAHA,mrstiara,"2022-11-17 14:47:52,238"
JeBaited,mrstiara,"2022-11-17 14:47:55,574"
HAHAHAHSHA,bengrik,"2022-11-17 14:47:56,877"
brain COPIUM,mrstiara,"2022-11-17 14:48:08,569"
FeelsDankMan brain,loupinstormborn,"2022-11-17 14:48:08,881"
????,loupinstormborn,"2022-11-17 14:48:23,095"
OMEGALUL,mrstiara,"2022-11-17 14:48:24,579"
what does that even mean,loupinstormborn,"2022-11-17 14:48:27,140"
OMEGALUL,bengrik,"2022-11-17 14:48:32,448"
I think they answered omegalul for the question,mrstiara,"2022-11-17 14:48:43,277"
xqc has a bigâ€¦,mrstiara,"2022-11-17 14:48:48,228"
so they just went,mrstiara,"2022-11-17 14:48:51,556"
OMEGALUL,mrstiara,"2022-11-17 14:48:55,332"
classic chat,loupinstormborn,"2022-11-17 14:48:56,874"
OMEGALUL feels so lame,bengrik,"2022-11-17 14:49:00,042"
also,mrstiara,"2022-11-17 14:49:03,905"
forsen,loupinstormborn,"2022-11-17 14:49:09,017"
juicer would just be the same as dick tbh,mrstiara,"2022-11-17 14:49:11,011"
shall we?,mrstiara,"2022-11-17 14:49:14,874"
cheers my friends,mrstiara,"2022-11-17 14:49:20,092"
fadedthanaho,mrstiara,"2022-11-17 14:49:22,151"
yeah double anwser smh,loupinstormborn,"2022-11-17 14:49:23,803"
fadedthanaho,bengrik,"2022-11-17 14:49:30,360"
7 min Wut,loupinstormborn,"2022-11-17 14:49:34,163"
brb,mrstiara,"2022-11-17 14:49:46,055"
ugh thatâ€™s so long,bengrik,"2022-11-17 14:50:11,385"
GOD DAMN AUTO MOD,loupinstormborn,"2022-11-17 14:50:25,552"
forsenLaughingAtYou,bengrik,"2022-11-17 14:50:36,232"
I cant be disgusting in here SadCat,loupinstormborn,"2022-11-17 14:51:03,309"
Check out my new videos! Main Channel: https://youtu.be/E1v9d6omyKs Vlog Channel: https://youtu.be/O_s-Kl8Aezo Loserfruit 2.0: https://youtu.be/vT7GjnZieQM,nightbot,"2022-11-17 14:51:11,805"
i know itâ€™s a struggle,bengrik,"2022-11-17 14:51:30,690"
Iâ€™m hungry,bengrik,"2022-11-17 14:52:13,785"
eat THIS,loupinstormborn,"2022-11-17 14:52:30,327"
okay!,bengrik,"2022-11-17 14:53:29,636"
if your offering,bengrik,"2022-11-17 14:53:37,196"
always Okay,loupinstormborn,"2022-11-17 14:53:48,373"
Okay,bengrik,"2022-11-17 14:53:58,442"
back,mrstiara,"2022-11-17 14:55:05,864"
i had some chocolate,mrstiara,"2022-11-17 14:55:10,574"
yo,loupinstormborn,"2022-11-17 14:55:10,666"
yo,mrstiara,"2022-11-17 14:55:13,041"
nice Kreygasm,loupinstormborn,"2022-11-17 14:55:14,592"
front,gigglezog,"2022-11-17 14:55:25,720"
yo,bengrik,"2022-11-17 14:55:47,389"
I've had this dutch girl come into work for like the 7th time in 2 weeks now PauseChamp,loupinstormborn,"2022-11-17 14:55:48,286"
WutFace it got so loud,loupinstormborn,"2022-11-17 14:56:16,414"
ok its forsen time EZ,loupinstormborn,"2022-11-17 14:56:34,898"
it was me loupin,mrstiara,"2022-11-17 14:56:45,315"
is she hot?,mrstiara,"2022-11-17 14:56:49,978"
"she is yeah, like all dutch people EZ",loupinstormborn,"2022-11-17 14:57:00,616"
if my stream could stop pausing that would be great,bengrik,"2022-11-17 14:57:02,050"
nice,mrstiara,"2022-11-17 14:57:06,142"
wtf?,mrstiara,"2022-11-17 14:57:17,639"
how,mrstiara,"2022-11-17 14:57:22,130"
is this possible,mrstiara,"2022-11-17 14:57:25,505"
Stare,loupinstormborn,"2022-11-17 14:57:27,079"
xqcStare,mrstiara,"2022-11-17 14:57:32,723"
this sounds impossible,bengrik,"2022-11-17 14:57:37,229"
theyre just both gonna go up,mrstiara,"2022-11-17 14:57:44,694"
thats dumb,mrstiara,"2022-11-17 14:57:47,869"
PepeLaugh,loupinstormborn,"2022-11-17 14:57:50,307"
is that possible at all?,mrstiara,"2022-11-17 14:58:01,727"
lower chance than a mount drop in WoW,mrstiara,"2022-11-17 14:58:11,541"
fr on god,mrstiara,"2022-11-17 14:58:15,267"
T OMEGADANCEBUTFAST,loupinstormborn,"2022-11-17 14:58:19,787"
OMEGADANCEBUTFAST,mrstiara,"2022-11-17 14:58:22,697"
OMEGADANCEBUTFAST,bengrik,"2022-11-17 14:58:24,367"
oh itâ€™s stuck?,bengrik,"2022-11-17 14:58:40,918"
ok thats easy enough then,loupinstormborn,"2022-11-17 14:58:47,738"
wait is it?,bengrik,"2022-11-17 14:58:55,485"
one is stuck yeah,loupinstormborn,"2022-11-17 14:59:03,818"
yeah okay,bengrik,"2022-11-17 14:59:13,404"
OMEGADANCEBUTFAST ó €€,mrstiara,"2022-11-17 14:59:17,618"
forsenLaughingAtYou lost to forsen,loupinstormborn,"2022-11-17 14:59:23,287"
forsen30,mrstiara,"2022-11-17 14:59:30,876"
Gayge 30%,loupinstormborn,"2022-11-17 14:59:41,063"
OH ITS STUCK,mrstiara,"2022-11-17 14:59:44,283"
nvm then,mrstiara,"2022-11-17 14:59:47,814"
yeah,bengrik,"2022-11-17 14:59:50,615"
JESUS,mrstiara,"2022-11-17 14:59:53,280"
yeah easy,loupinstormborn,"2022-11-17 14:59:53,833"
HE BROKE IT,mrstiara,"2022-11-17 14:59:56,777"
elisOmega,mrstiara,"2022-11-17 14:59:58,650"
HAHAHAHAHAHAA,mrstiara,"2022-11-17 15:00:00,852"
GIGACHAD,loupinstormborn,"2022-11-17 15:00:02,914"
OMEGADANCEBUTFAST,bengrik,"2022-11-17 15:00:09,963"
GIGACHAD,mrstiara,"2022-11-17 15:00:10,606"
gachiHYPER,loupinstormborn,"2022-11-17 15:00:10,790"
HAHAHAHAAHAH,mrstiara,"2022-11-17 15:00:14,227"
THAT SEENS SO FUN TO DO,mrstiara,"2022-11-17 15:00:24,452"
I WANNA DO THAY,mrstiara,"2022-11-17 15:00:27,335"
Check out my new videos! Main Channel: https://youtu.be/E1v9d6omyKs Vlog Channel: https://youtu.be/O_s-Kl8Aezo Loserfruit 2.0: https://youtu.be/vT7GjnZieQM,nightbot,"2022-11-17 15:00:30,217"
lets do it a T con,loupinstormborn,"2022-11-17 15:00:36,543"
can you break me like that,bengrik,"2022-11-17 15:00:37,049"
i donâ€™t need a spine,bengrik,"2022-11-17 15:00:42,124"
okay lets do it,mrstiara,"2022-11-17 15:00:56,830"
but not what beb said,mrstiara,"2022-11-17 15:01:01,103"
juice cores BatChesting,puntoulis,"2022-11-17 15:01:02,053"
LETSGOOO,loupinstormborn,"2022-11-17 15:01:03,096"
juice THIS core,loupinstormborn,"2022-11-17 15:01:14,361"
RAGEY,bengrik,"2022-11-17 15:01:17,114"
@Loserfruit have you checked your posture yet? fruitCalvo,nightbot,"2022-11-17 15:01:18,485"
shut up nightbot she's not here,loupinstormborn,"2022-11-17 15:01:28,051"
btw were u talking abt pet davidson?,puntoulis,"2022-11-17 15:01:51,964"
elisOmega,mrstiara,"2022-11-17 15:01:52,424"
yes,mrstiara,"2022-11-17 15:01:56,311"
pet davidson,mrstiara,"2022-11-17 15:01:59,269"
fruitPat,mrstiara,"2022-11-17 15:02:06,924"
pet his cok,loupinstormborn,"2022-11-17 15:02:12,092"
HAHAHAHA,bengrik,"2022-11-17 15:02:12,245"
peepoPat,mrstiara,"2022-11-17 15:02:12,305"
peepoPat,bengrik,"2022-11-17 15:02:15,868"
My peripherals are all from Corsair. Check out the range here: https://go.corsair.com/c/2543939/498622/8513,nightbot,"2022-11-17 15:02:18,755"
well a lot of women apparently want to pet his YEP CÎŸCÎš,puntoulis,"2022-11-17 15:02:26,562"
YEP,loupinstormborn,"2022-11-17 15:02:30,623"
if it pauses one more time Iâ€™m smashing my phone,bengrik,"2022-11-17 15:02:41,146"
lole swedish internet,loupinstormborn,"2022-11-17 15:02:51,747"
peepoTalk,mrstiara,"2022-11-17 15:02:53,095"
peepoTalk ó €€,mrstiara,"2022-11-17 15:02:56,944"
peepoTalk,mrstiara,"2022-11-17 15:02:58,814"
peepoTalk,puntoulis,"2022-11-17 15:03:04,920"
ACTION Watch all of Loserfruits past playthroughs on her secret Youtube channel fruitBad - https://www.youtube.com/LoserfruitDaily,nightbot,"2022-11-17 15:03:12,446"
i wish i was that phone,mrstiara,"2022-11-17 15:03:14,325"
WubTF,loupinstormborn,"2022-11-17 15:03:18,999"
Ayo?,bengrik,"2022-11-17 15:03:21,391"
oh mia malkova's bf is there,puntoulis,"2022-11-17 15:03:25,342"
sorry straight moment,mrstiara,"2022-11-17 15:03:28,788"
i mean rich,puntoulis,"2022-11-17 15:03:30,825"
what happened to me,mrstiara,"2022-11-17 15:03:34,808"
homerLeave,puntoulis,"2022-11-17 15:03:35,632"
I'd fuck rich,loupinstormborn,"2022-11-17 15:03:37,351"
nice,mrstiara,"2022-11-17 15:03:41,806"
gachiHYPER,loupinstormborn,"2022-11-17 15:03:45,120"
you okay T? LULW,bengrik,"2022-11-17 15:03:48,481"
no,mrstiara,"2022-11-17 15:03:51,529"
very ungay of you,bengrik,"2022-11-17 15:03:59,827"
ungay,mrstiara,"2022-11-17 15:04:06,558"
elisOmega,mrstiara,"2022-11-17 15:04:08,789"
ACTION fruitOmfy FOLLOW MY CATS HERE -> https://instagram.com/fruityscats fruitChonk,nightbot,"2022-11-17 15:04:13,025"
uragay,loupinstormborn,"2022-11-17 15:04:14,223"
OMEGADANCEBUTFAST,bengrik,"2022-11-17 15:04:14,311"
Pog,loupinstormborn,"2022-11-17 15:04:22,146"
oh god,mrstiara,"2022-11-17 15:04:22,302"
i dont even know what i say the most,mrstiara,"2022-11-17 15:04:38,628"
gigachad,mrstiara,"2022-11-17 15:04:44,053"
ungay? https://7tv.app/emotes/62f180028b744b87349e1bae,puntoulis,"2022-11-17 15:04:45,555"
GIGACHAD,mrstiara,"2022-11-17 15:04:47,120"
monkaW,loupinstormborn,"2022-11-17 15:04:57,656"
um,mrstiara,"2022-11-17 15:05:02,930"
murder,bengrik,"2022-11-17 15:05:03,388"
risky question,mrstiara,"2022-11-17 15:05:07,758"
forsen,loupinstormborn,"2022-11-17 15:05:07,837"
gonna jinx it,mrstiara,"2022-11-17 15:05:12,268"
ACTION Follow me! https://www.tiktok.com/@loserfruit - TikTok fruitYay https://twitter.com/loserfruit - Twitter fruitNote http://instagram.com/loserfruit - Instagram fruitCreep https://www.youtube.com/loserfruit - Gaming fruitS https://www.youtube.com/lufu - Vlogs fruitSass https://www.reddit.com/r/LoserfruitOfficial - Reddit FeelsRedditMan,nightbot,"2022-11-17 15:05:13,236"
LULW,loupinstormborn,"2022-11-17 15:05:14,499"
i would be sent to jail for uh,mrstiara,"2022-11-17 15:05:23,985"
being too hot,mrstiara,"2022-11-17 15:05:27,618"
true,loupinstormborn,"2022-11-17 15:05:32,523"
baseg,mrstiara,"2022-11-17 15:05:37,460"
Sassy,puntoulis,"2022-11-17 15:05:39,728"
facts,bengrik,"2022-11-17 15:05:40,496"
ðŸ“ ,puntoulis,"2022-11-17 15:05:49,458"
peepoSmash,loupinstormborn,"2022-11-17 15:06:04,120"
peepoSmash,mrstiara,"2022-11-17 15:06:10,637"
oh partner meant he game partner,puntoulis,"2022-11-17 15:06:12,217"
yes,mrstiara,"2022-11-17 15:06:19,836"
well will probably for drug dealing,puntoulis,"2022-11-17 15:06:20,173"
HUHH,mrstiara,"2022-11-17 15:06:25,953"
andrea for resisting arrest?,puntoulis,"2022-11-17 15:06:38,658"
peepoStuck botez,loupinstormborn,"2022-11-17 15:06:41,682"
Kapp,puntoulis,"2022-11-17 15:06:45,657"
peepoStuck,puntoulis,"2022-11-17 15:07:15,981"
no way LULW,loupinstormborn,"2022-11-17 15:07:34,514"
what?,mrstiara,"2022-11-17 15:07:37,080"
what,bengrik,"2022-11-17 15:07:41,077"
I hate that emote LULW,loupinstormborn,"2022-11-17 15:07:46,123"
peepoStuck,mrstiara,"2022-11-17 15:07:54,219"
https://7tv.app/emotes/630922fabb24bf8e102f89c1 this,puntoulis,"2022-11-17 15:07:56,229"
wtf is that,mrstiara,"2022-11-17 15:08:13,019"
wtf is that,bengrik,"2022-11-17 15:08:13,417"
jinx,mrstiara,"2022-11-17 15:08:17,389"
T LULW,bengrik,"2022-11-17 15:08:20,186"
is that a foot?,mrstiara,"2022-11-17 15:08:23,570"
a safe way to show dick sucking,loupinstormborn,"2022-11-17 15:08:24,000"
hand?,bengrik,"2022-11-17 15:08:28,338"
a foot in mouth,puntoulis,"2022-11-17 15:08:33,185"
i hate that,mrstiara,"2022-11-17 15:08:40,260"
Sadge,loupinstormborn,"2022-11-17 15:08:40,527"
Sadge,mrstiara,"2022-11-17 15:08:43,738"
but yeah the meaning is a bj,puntoulis,"2022-11-17 15:08:44,143"
thatâ€™s,mrstiara,"2022-11-17 15:08:49,476"
no,mrstiara,"2022-11-17 15:08:51,008"
Sadge,puntoulis,"2022-11-17 15:08:51,588"
oh punt thats the wrong slorpglorpin LULW,loupinstormborn,"2022-11-17 15:08:52,697"
im feeling very gay again,mrstiara,"2022-11-17 15:08:59,983"
thanks for that,mrstiara,"2022-11-17 15:09:02,330"
yeah i couldn't find the other one,puntoulis,"2022-11-17 15:09:09,444"
nothing to bring T back than feet suckings,loupinstormborn,"2022-11-17 15:09:18,169"
i donâ€™t think feet is just a straight thing T,bengrik,"2022-11-17 15:09:23,643"
DO NOT,mrstiara,"2022-11-17 15:09:26,172"
borpaSpin,mrstiara,"2022-11-17 15:09:29,144"
C UM,loupinstormborn,"2022-11-17 15:09:35,241"
too late,bengrik,"2022-11-17 15:09:35,319"
i mean what,bengrik,"2022-11-17 15:09:40,800"
u ever seen a lesbian who loves feet?,mrstiara,"2022-11-17 15:09:43,606"
yes,loupinstormborn,"2022-11-17 15:09:47,040"
oh,mrstiara,"2022-11-17 15:09:50,839"
yes,bengrik,"2022-11-17 15:09:54,842"
well,mrstiara,"2022-11-17 15:10:02,496"
i wasnâ€™t ready for that answer,mrstiara,"2022-11-17 15:10:11,391"
i mean very likely it was fake but still,bengrik,"2022-11-17 15:10:14,507"
didnâ€™t know you did so much research on lesbians,mrstiara,"2022-11-17 15:10:29,948"
"feet can trigger the pleqasure center of the brain for some people, so it makes sense",loupinstormborn,"2022-11-17 15:10:34,122"
feet are disgusting,mrstiara,"2022-11-17 15:10:43,100"
baseg,mrstiara,"2022-11-17 15:10:47,407"
i agree,bengrik,"2022-11-17 15:10:49,123"
baseg I dont agree,loupinstormborn,"2022-11-17 15:10:55,643"
all feet does for me is tickle,mrstiara,"2022-11-17 15:11:00,919"
keep them away from me thank you,bengrik,"2022-11-17 15:11:03,264"
and i hate being tickled,mrstiara,"2022-11-17 15:11:09,275"
we are LGBT allies T that's why we all did research into lesbians baseg,puntoulis,"2022-11-17 15:11:10,978"
sure punt,mrstiara,"2022-11-17 15:11:20,743"
sure,mrstiara,"2022-11-17 15:11:22,517"
"research, yes Kappa",loupinstormborn,"2022-11-17 15:11:30,685"
did you do research into gay men too then punt?,mrstiara,"2022-11-17 15:11:52,749"
itâ€™s only fair,mrstiara,"2022-11-17 15:11:55,763"
if youâ€™re an ally,mrstiara,"2022-11-17 15:12:02,460"
I have gachiBASS,loupinstormborn,"2022-11-17 15:12:04,462"
didn't come around to it yet,puntoulis,"2022-11-17 15:12:09,218"
i have mrstiaSip,bengrik,"2022-11-17 15:12:14,372"
that being said,puntoulis,"2022-11-17 15:12:14,833"
elisSip,mrstiara,"2022-11-17 15:12:42,483"
overthinking andy,mrstiara,"2022-11-17 15:12:53,810"
HUH,loupinstormborn,"2022-11-17 15:12:55,835"
HUH,bengrik,"2022-11-17 15:13:00,712"
CHOKED WubTF,mrstiara,"2022-11-17 15:13:04,365"
ACTION Follow me! https://www.tiktok.com/@loserfruit - TikTok fruitYay https://twitter.com/loserfruit - Twitter fruitNote http://instagram.com/loserfruit - Instagram fruitCreep https://www.youtube.com/loserfruit - Gaming fruitS https://www.youtube.com/lufu - Vlogs fruitSass https://www.reddit.com/r/LoserfruitOfficial - Reddit FeelsRedditMan,nightbot,"2022-11-17 15:13:07,249"
i missed it,mrstiara,"2022-11-17 15:13:08,413"
NOOO,mrstiara,"2022-11-17 15:13:10,896"
i mean what,mrstiara,"2022-11-17 15:13:15,764"
T into that incest WubTF,loupinstormborn,"2022-11-17 15:13:16,390"
OH RIGHT,mrstiara,"2022-11-17 15:13:20,479"
THEYRE SISTERS,mrstiara,"2022-11-17 15:13:23,260"
HAHAHAHAHAHAHA,mrstiara,"2022-11-17 15:13:25,125"
LULW,loupinstormborn,"2022-11-17 15:13:25,662"
I FORGOT,mrstiara,"2022-11-17 15:13:28,312"
OMEGADANCEBUTFAST,bengrik,"2022-11-17 15:13:28,859"
OMEGADANCEBUTFAST,mrstiara,"2022-11-17 15:13:31,023"
OMEGALUL,puntoulis,"2022-11-17 15:13:33,583"
the smaller one is cute,mrstiara,"2022-11-17 15:13:41,264"
peepoShy,mrstiara,"2022-11-17 15:13:43,825"
idk whoâ€™s who,bengrik,"2022-11-17 15:13:48,491"
Xâ€™s brother GIGACHAD,mrstiara,"2022-11-17 15:13:51,562"
they both got that godess genes,loupinstormborn,"2022-11-17 15:13:59,524"
she is peepoShy but i can't say that she is waaaay to young,puntoulis,"2022-11-17 15:14:07,752"
we all know what i would use,mrstiara,"2022-11-17 15:14:12,050"
wait how young is she?,mrstiara,"2022-11-17 15:14:18,739"
20?,loupinstormborn,"2022-11-17 15:14:24,369"
i dotn wanna bebweird,mrstiara,"2022-11-17 15:14:24,965"
like 19?>,puntoulis,"2022-11-17 15:14:27,810"
18 inch dildo T?,bengrik,"2022-11-17 15:14:29,213"
HUH,loupinstormborn,"2022-11-17 15:14:33,008"
oh fine then LUL,mrstiara,"2022-11-17 15:14:37,892"
what was that game called,bengrik,"2022-11-17 15:14:46,091"
well i meant it as a compliment anyway,mrstiara,"2022-11-17 15:14:52,995"
loup is right NODDERS,puntoulis,"2022-11-17 15:14:54,498"
ACTION fruitOmfy FOLLOW MY CATS HERE -> https://instagram.com/fruityscats fruitChonk,nightbot,"2022-11-17 15:15:12,234"
I always am EZ,loupinstormborn,"2022-11-17 15:15:12,574"
20 is fine for me though peepoGiggles,mrstiara,"2022-11-17 15:15:14,044"
forsenLaughingAtYou scats,loupinstormborn,"2022-11-17 15:15:17,987"
nah u are like her age im 10 years older T PepeLaugh,puntoulis,"2022-11-17 15:15:22,602"
BBoomer,mrstiara,"2022-11-17 15:15:28,799"
forsenLaughingAtYou fruity scats,puntoulis,"2022-11-17 15:15:30,331"
BBoomer,puntoulis,"2022-11-17 15:15:38,101"
my hands are cold,bengrik,"2022-11-17 15:15:51,069"
10 years is fine COPIUM it wouldnâ€™t be weird if i dated jlaw COPIUM,mrstiara,"2022-11-17 15:15:55,163"
its fine COPIUM,mrstiara,"2022-11-17 15:16:02,413"
warm them fruitSalami,puntoulis,"2022-11-17 15:16:05,451"
"its fine imo, both adults",loupinstormborn,"2022-11-17 15:16:11,279"
but then I canâ€™t chat,bengrik,"2022-11-17 15:16:16,844"
"same answer, a big dildo",mrstiara,"2022-11-17 15:16:19,231"
WubTF how big?,loupinstormborn,"2022-11-17 15:16:28,049"
massive,mrstiara,"2022-11-17 15:16:37,126"
u need both hands ben? WubTF,puntoulis,"2022-11-17 15:16:40,026"
Kreygasm oh man,loupinstormborn,"2022-11-17 15:16:43,365"
wait i already got that for my bday,mrstiara,"2022-11-17 15:16:46,156"
remember?,mrstiara,"2022-11-17 15:16:51,449"
both my hands are cold,bengrik,"2022-11-17 15:16:52,618"
LULW,mrstiara,"2022-11-17 15:16:53,289"
I remember PepeLaugh,loupinstormborn,"2022-11-17 15:16:53,456"
two of them,loupinstormborn,"2022-11-17 15:16:58,902"
PepeLaugh,loupinstormborn,"2022-11-17 15:17:00,277"
yup,mrstiara,"2022-11-17 15:17:02,194"
massive too,mrstiara,"2022-11-17 15:17:04,678"
HUGE ones,loupinstormborn,"2022-11-17 15:17:09,084"
Check out my new videos! Main Channel: https://youtu.be/E1v9d6omyKs Vlog Channel: https://youtu.be/O_s-Kl8Aezo Loserfruit 2.0: https://youtu.be/vT7GjnZieQM,nightbot,"2022-11-17 15:17:12,314"
actually,mrstiara,"2022-11-17 15:17:12,423"
sounds painful,bengrik,"2022-11-17 15:17:21,671"
idk ur mom enjoyed it when i used it on her,mrstiara,"2022-11-17 15:17:43,207"
fruitDab,mrstiara,"2022-11-17 15:17:47,153"
fruitDab,loupinstormborn,"2022-11-17 15:17:52,112"
fruitDab,puntoulis,"2022-11-17 15:18:01,301"
peepoLeave,bengrik,"2022-11-17 15:18:03,997"
fruitUltradab,puntoulis,"2022-11-17 15:18:04,891"
jk,mrstiara,"2022-11-17 15:18:18,203"
lulWut,loupinstormborn,"2022-11-17 15:18:24,842"
Shush,mrstiara,"2022-11-17 15:18:26,709"
lud OMEGADANCEBUTFAST,mrstiara,"2022-11-17 15:18:34,483"
OMEGADANCEBUTFAST,mrstiara,"2022-11-17 15:18:40,619"
omegajuiced asmr Kreygasm,puntoulis,"2022-11-17 15:18:42,792"
Kreygasm,mrstiara,"2022-11-17 15:18:47,577"
PepoCheer,mrstiara,"2022-11-17 15:19:05,559"
rich ass WubTF,loupinstormborn,"2022-11-17 15:19:06,752"
HUHH,mrstiara,"2022-11-17 15:19:14,160"
Okayeg,loupinstormborn,"2022-11-17 15:19:21,210"
WubTF he does have a dumper,puntoulis,"2022-11-17 15:19:30,305"
he really does,loupinstormborn,"2022-11-17 15:19:36,467"
Sussy,puntoulis,"2022-11-17 15:19:36,528"
im actually 0 tired now,mrstiara,"2022-11-17 15:19:39,611"
wtf,mrstiara,"2022-11-17 15:19:41,097"
what am i gunna do,mrstiara,"2022-11-17 15:19:47,151"
"same, but im a degen",loupinstormborn,"2022-11-17 15:19:51,102"
DansGame sock wiper,mrstiara,"2022-11-17 15:19:57,140"
sometimes u can confuse boredom with tiredness,puntoulis,"2022-11-17 15:20:03,348"
X DansGame,loupinstormborn,"2022-11-17 15:20:13,439"
what does that have to do with anything,mrstiara,"2022-11-17 15:20:20,477"
wtf,bengrik,"2022-11-17 15:20:21,843"
i said im not tired,mrstiara,"2022-11-17 15:20:24,862"
im also not bored,mrstiara,"2022-11-17 15:20:30,139"
HUHH,mrstiara,"2022-11-17 15:20:36,943"
i meant for earlier t,puntoulis,"2022-11-17 15:20:37,696"
no i was tired,mrstiara,"2022-11-17 15:20:42,331"
i slept short last night,mrstiara,"2022-11-17 15:20:46,932"
i was tired allnday,mrstiara,"2022-11-17 15:20:49,956"
who gets tired when they're bored? LULW,loupinstormborn,"2022-11-17 15:20:50,670"
so i went to sleep,mrstiara,"2022-11-17 15:20:53,398"
oh,puntoulis,"2022-11-17 15:21:05,748"
did you take a nap at 10pm,bengrik,"2022-11-17 15:21:06,851"
but my body woke upncus of noises. andnif u go to sleep early ur body gets onfuded,mrstiara,"2022-11-17 15:21:11,656"
confused,mrstiara,"2022-11-17 15:21:14,750"
like 9:30 i think,mrstiara,"2022-11-17 15:21:19,271"
i told you T NOOO,loupinstormborn,"2022-11-17 15:21:22,457"
i thought i would sleep all night,mrstiara,"2022-11-17 15:21:28,508"
i thought it was late enough,mrstiara,"2022-11-17 15:21:34,349"
pepeW,mrstiara,"2022-11-17 15:21:37,937"
pepeW,loupinstormborn,"2022-11-17 15:21:42,015"
thatâ€™s annoying pepeW,bengrik,"2022-11-17 15:21:52,256"
time to overwatch all night i guess,mrstiara,"2022-11-17 15:22:01,910"
road to masters,mrstiara,"2022-11-17 15:22:07,654"
top 500 EZ,loupinstormborn,"2022-11-17 15:22:17,712"
!headset,slyyy____,"2022-11-17 15:22:30,112"
ACTION Corsair Virtuoso. fruitL https://cor.sr/Loserfruit,nightbot,"2022-11-17 15:22:30,295"
almost master already,bengrik,"2022-11-17 15:22:37,963"
top 500 would be insaaane,mrstiara,"2022-11-17 15:22:43,875"
you could do it,loupinstormborn,"2022-11-17 15:22:53,794"
its not impossible. it seems it though,mrstiara,"2022-11-17 15:22:56,229"
iâ€™ll do my best,mrstiara,"2022-11-17 15:23:06,765"
you probably good tbh,bengrik,"2022-11-17 15:23:07,572"
T is a god at everything,loupinstormborn,"2022-11-17 15:23:14,548"
lets just try masters first,mrstiara,"2022-11-17 15:23:16,663"
true,bengrik,"2022-11-17 15:23:21,234"
except driving,mrstiara,"2022-11-17 15:23:31,571"
OMEGADANCEBUTFAST,mrstiara,"2022-11-17 15:23:34,207"
OMEGADANCEBUTFAST ó €€,mrstiara,"2022-11-17 15:23:35,665"
OMEGADANCEBUTFAST,bengrik,"2022-11-17 15:23:40,732"
or stealth,bengrik,"2022-11-17 15:23:44,685"
no im decent maybe,mrstiara,"2022-11-17 15:23:46,321"
OKAY,mrstiara,"2022-11-17 15:23:47,987"
driving is hard af in games,loupinstormborn,"2022-11-17 15:23:49,997"
STEALTH,mrstiara,"2022-11-17 15:23:50,210"
PepegaStealth,mrstiara,"2022-11-17 15:23:53,504"
HAHAHSGAH,bengrik,"2022-11-17 15:23:55,614"
stealth LULW,loupinstormborn,"2022-11-17 15:23:56,071"
daphStealth,loupinstormborn,"2022-11-17 15:24:05,237"
HAHAHA,puntoulis,"2022-11-17 15:24:07,734"
im decent if its on ctronoller,mrstiara,"2022-11-17 15:24:09,111"
tbf im not bad at mario kart,mrstiara,"2022-11-17 15:24:16,232"
does that count,mrstiara,"2022-11-17 15:24:19,993"
no,loupinstormborn,"2022-11-17 15:24:21,529"
oh okay,mrstiara,"2022-11-17 15:24:27,245"
Iâ€™m pro at Mario kart,bengrik,"2022-11-17 15:24:36,591"
that game is such rng PepeLaugh,loupinstormborn,"2022-11-17 15:24:39,002"
kijda is,mrstiara,"2022-11-17 15:24:46,708"
okay,mrstiara,"2022-11-17 15:24:50,449"
im decent at need for speed,mrstiara,"2022-11-17 15:24:55,503"
i think,mrstiara,"2022-11-17 15:24:57,650"
oh? PagBounce,loupinstormborn,"2022-11-17 15:25:01,912"
but its just a matter of leveling,mrstiara,"2022-11-17 15:25:06,555"
tbh,mrstiara,"2022-11-17 15:25:10,324"
gonna try the new one,loupinstormborn,"2022-11-17 15:25:13,791"
apart from the crashing into everything? Kapp,bengrik,"2022-11-17 15:25:14,407"
its 70 euros,mrstiara,"2022-11-17 15:25:19,664"
so probably not,mrstiara,"2022-11-17 15:25:23,989"
maybe if it comes on the game pass,mrstiara,"2022-11-17 15:25:35,343"
"its free with game pass, because it comes with EA games",loupinstormborn,"2022-11-17 15:25:35,547"
do you think ti will come on release?,mrstiara,"2022-11-17 15:25:48,369"
ACTION Follow me! https://www.tiktok.com/@loserfruit - TikTok fruitYay https://twitter.com/loserfruit - Twitter fruitNote http://instagram.com/loserfruit - Instagram fruitCreep https://www.youtube.com/loserfruit - Gaming fruitS https://www.youtube.com/lufu - Vlogs fruitSass https://www.reddit.com/r/LoserfruitOfficial - Reddit FeelsRedditMan,nightbot,"2022-11-17 15:26:07,767"
they usually do on EA plus,loupinstormborn,"2022-11-17 15:26:10,770"
i might try it. looks a bit odd though,mrstiara,"2022-11-17 15:26:12,199"
cartoony type vibe,mrstiara,"2022-11-17 15:26:21,029"
"it looks awful, in terms of stlye",loupinstormborn,"2022-11-17 15:26:24,461"
heat is bussin tho,mrstiara,"2022-11-17 15:26:25,810"
yeah,mrstiara,"2022-11-17 15:26:29,285"
i dont like the style much,mrstiara,"2022-11-17 15:26:34,435"
idk,mrstiara,"2022-11-17 15:26:37,376"
its weird,mrstiara,"2022-11-17 15:26:39,343"
"but it might have fun driving, maybe",loupinstormborn,"2022-11-17 15:26:41,024"
maybe,mrstiara,"2022-11-17 15:26:44,792"
i wanted to try forza horizon,mrstiara,"2022-11-17 15:26:56,694"
I liked heat Yes,bengrik,"2022-11-17 15:26:59,072"
thats expensive too though,mrstiara,"2022-11-17 15:27:01,074"
ohhh forza horizon is amazing,loupinstormborn,"2022-11-17 15:27:05,681"
also on game pass,loupinstormborn,"2022-11-17 15:27:08,284"
oh really,mrstiara,"2022-11-17 15:27:14,590"
the newest),mrstiara,"2022-11-17 15:27:16,981"
yeah all of them,loupinstormborn,"2022-11-17 15:27:19,447"
5?,mrstiara,"2022-11-17 15:27:21,080"
oh,mrstiara,"2022-11-17 15:27:23,205"
YEP,loupinstormborn,"2022-11-17 15:27:25,685"
i never get game pass,mrstiara,"2022-11-17 15:27:31,651"
im a steam andy,mrstiara,"2022-11-17 15:27:34,105"
game pass is such a steal for 1 bucks a month,loupinstormborn,"2022-11-17 15:27:37,356"
GabeN,mrstiara,"2022-11-17 15:27:37,570"
ywah,mrstiara,"2022-11-17 15:27:41,923"
do u have to cancel ot every month,mrstiara,"2022-11-17 15:27:48,854"
wait itâ€™s $1????,bengrik,"2022-11-17 15:27:52,899"
you do,loupinstormborn,"2022-11-17 15:27:55,439"
"I sub, cancel get 30 days, and next month is 1 buck again",loupinstormborn,"2022-11-17 15:28:14,098"
rinse and repeat,loupinstormborn,"2022-11-17 15:28:17,332"
bruhh,mrstiara,"2022-11-17 15:28:21,252"
damn,mrstiara,"2022-11-17 15:28:25,202"
thatâ€™s annoying tho,bengrik,"2022-11-17 15:28:29,178"
i mean worth but,bengrik,"2022-11-17 15:28:35,041"
it takes 2 clicks,loupinstormborn,"2022-11-17 15:28:36,158"
yeah but Iâ€™m lazy,bengrik,"2022-11-17 15:28:42,513"
thats not annoying,mrstiara,"2022-11-17 15:28:54,637"
you donâ€™t have to make a new account or anything?,bengrik,"2022-11-17 15:29:11,716"
elisHuh,mrstiara,"2022-11-17 15:29:12,330"
no bewb,loupinstormborn,"2022-11-17 15:29:15,720"
bewb WubTF,mrstiara,"2022-11-17 15:29:22,540"
wtf,bengrik,"2022-11-17 15:29:22,632"
I've used my old school xbox avvount for over 3 years,loupinstormborn,"2022-11-17 15:29:31,749"
bewb,bengrik,"2022-11-17 15:29:35,569"
I cant spell,loupinstormborn,"2022-11-17 15:29:39,832"
sheeesh,mrstiara,"2022-11-17 15:29:41,022"
damn,bengrik,"2022-11-17 15:29:44,321"
might have to get that then,bengrik,"2022-11-17 15:29:50,063"
its so worth,loupinstormborn,"2022-11-17 15:29:54,484"
i had it a long time ago. to play outer worlds,mrstiara,"2022-11-17 15:30:05,107"
ACTION Watch all of Loserfruits past playthroughs on her secret Youtube channel fruitBad - https://www.youtube.com/LoserfruitDaily,nightbot,"2022-11-17 15:30:16,471"
yeah I almost forced you to play that T PepeLaugh,loupinstormborn,"2022-11-17 15:30:24,787"
well it was fun tbf,mrstiara,"2022-11-17 15:30:32,908"
I loved it yeah,loupinstormborn,"2022-11-17 15:30:38,381"
if games get dry or if i wanna try certain game iâ€™ll probably get it,mrstiara,"2022-11-17 15:31:07,946"
ACTION fruitOmfy FOLLOW MY CATS HERE -> https://instagram.com/fruityscats fruitChonk,nightbot,"2022-11-17 15:31:12,664"
too busy grinding overwatch and FF,mrstiara,"2022-11-17 15:31:14,213"
LULW,mrstiara,"2022-11-17 15:31:17,858"
understandable,loupinstormborn,"2022-11-17 15:31:20,554"
thats enough to keep anyone busy,loupinstormborn,"2022-11-17 15:31:28,004"
yeah,mrstiara,"2022-11-17 15:31:31,422"
i also play like 5 other games on my deck,mrstiara,"2022-11-17 15:31:42,257"
OMEGADANCEBUTFAST,mrstiara,"2022-11-17 15:31:45,167"
also PokÃ©mon,bengrik,"2022-11-17 15:31:50,662"
tomorrow,bengrik,"2022-11-17 15:31:53,967"
I want the deck Kreygasm,loupinstormborn,"2022-11-17 15:31:54,059"
also pokemon yeah,mrstiara,"2022-11-17 15:31:57,541"
deck is real nice,mrstiara,"2022-11-17 15:32:00,990"
i love it,mrstiara,"2022-11-17 15:32:10,946"
GabeN good,loupinstormborn,"2022-11-17 15:32:17,294"
GabeN chillz!,mrstiara,"2022-11-17 15:32:23,283"
games run so good on it,mrstiara,"2022-11-17 15:32:47,618"
i feel like I wouldnâ€™t use it,bengrik,"2022-11-17 15:32:49,886"
well its different,mrstiara,"2022-11-17 15:33:00,404"
yeah ofc,bengrik,"2022-11-17 15:33:04,237"
i spend half my time in bed,mrstiara,"2022-11-17 15:33:05,465"
i would never take it outside somewhere though,mrstiara,"2022-11-17 15:33:13,578"
yeah no I know itâ€™s great for u,bengrik,"2022-11-17 15:33:13,962"
its only really if undont wanna be at pc,mrstiara,"2022-11-17 15:33:27,347"
or if u travel a lot i suppose,mrstiara,"2022-11-17 15:33:37,591"
or if u dont have a good pc,mrstiara,"2022-11-17 15:33:44,674"
to run games,mrstiara,"2022-11-17 15:33:49,749"
well tbf i have been travelling quite a bit this year LULW,bengrik,"2022-11-17 15:34:03,407"
its nice to have in bed though,mrstiara,"2022-11-17 15:34:07,598"
yeah,mrstiara,"2022-11-17 15:34:10,206"
Check out my new videos! Main Channel: https://youtu.be/E1v9d6omyKs Vlog Channel: https://youtu.be/O_s-Kl8Aezo Loserfruit 2.0: https://youtu.be/vT7GjnZieQM,nightbot,"2022-11-17 15:34:16,338"
fruitLud,mrstiara,"2022-11-17 15:34:31,978"
I wanna play skyrim in bed,loupinstormborn,"2022-11-17 15:34:45,413"
fair,mrstiara,"2022-11-17 15:34:52,152"
okay,bengrik,"2022-11-17 15:34:52,243"
that sounds pretty nice,bengrik,"2022-11-17 15:34:58,296"
or fa p simulator 4,loupinstormborn,"2022-11-17 15:34:58,699"
HUH,mrstiara,"2022-11-17 15:35:06,990"
HUHH,bengrik,"2022-11-17 15:35:07,328"
I mean what Kappa,loupinstormborn,"2022-11-17 15:35:16,489"
why do you need a sim for that,bengrik,"2022-11-17 15:35:21,593"
i was gonna play witcher and red dead on it,mrstiara,"2022-11-17 15:35:25,870"
omg red dead Kreygasm,loupinstormborn,"2022-11-17 15:35:33,272"
TrollDespair despair,mrstiara,"2022-11-17 15:35:35,724"
can it run it?,bengrik,"2022-11-17 15:35:41,009"
yeah i needa play that,mrstiara,"2022-11-17 15:35:43,465"
it can,loupinstormborn,"2022-11-17 15:35:47,608"
i mean i assume so?,mrstiara,"2022-11-17 15:35:49,020"
not on ultra,loupinstormborn,"2022-11-17 15:35:52,252"
oh nice,bengrik,"2022-11-17 15:35:52,939"
but it can play it,loupinstormborn,"2022-11-17 15:35:56,117"
i need to get on it some time,mrstiara,"2022-11-17 15:36:18,381"
I can never tell the difference from ultra to medium tbh,loupinstormborn,"2022-11-17 15:36:27,277"
some time COPIUM,bengrik,"2022-11-17 15:36:29,843"
i dont care too much if its on ultra or not,mrstiara,"2022-11-17 15:36:47,466"
same,loupinstormborn,"2022-11-17 15:36:52,770"
it looks good either way,loupinstormborn,"2022-11-17 15:36:56,895"
yeah most games looks good anyways,bengrik,"2022-11-17 15:37:02,058"
"i almost never have ultra anyway, if im streaming im not going max settings",mrstiara,"2022-11-17 15:37:04,334"
so im used to lower,mrstiara,"2022-11-17 15:37:13,990"
"ultra is a huge scam, big fps hit for near nothing in quality",loupinstormborn,"2022-11-17 15:37:17,814"
yeahh,mrstiara,"2022-11-17 15:37:24,644"
yeah,bengrik,"2022-11-17 15:37:27,595"
just details,mrstiara,"2022-11-17 15:37:27,865"
u dont pay attention to anyways,mrstiara,"2022-11-17 15:37:33,796"
exactly,loupinstormborn,"2022-11-17 15:37:37,570"
i remember horizon zero dawn looked amazing when i played it,mrstiara,"2022-11-17 15:37:43,804"
like ray tracing BatChest,loupinstormborn,"2022-11-17 15:37:46,870"
i dont think i played that on max settings at all,mrstiara,"2022-11-17 15:37:52,037"
but what if you wanted to see that dust particle 400 m away T,bengrik,"2022-11-17 15:37:58,876"
oh shit,mrstiara,"2022-11-17 15:38:03,449"
ur right,mrstiara,"2022-11-17 15:38:05,319"
missed out,mrstiara,"2022-11-17 15:38:09,438"
fuck the dust NOOO,loupinstormborn,"2022-11-17 15:38:09,979"
wait they stopped sponsoring?,mrstiara,"2022-11-17 15:38:30,529"
why D:,mrstiara,"2022-11-17 15:38:35,078"
fansly?,bengrik,"2022-11-17 15:38:43,298"
did it not do well enough,mrstiara,"2022-11-17 15:38:45,379"
yeah,mrstiara,"2022-11-17 15:38:46,685"
oh,bengrik,"2022-11-17 15:38:51,115"
it seems so,mrstiara,"2022-11-17 15:38:51,632"
i wonder why lol,mrstiara,"2022-11-17 15:38:56,813"
monkaHmm,bengrik,"2022-11-17 15:38:59,913"
ACTION Follow me! https://www.tiktok.com/@loserfruit - TikTok fruitYay https://twitter.com/loserfruit - Twitter fruitNote http://instagram.com/loserfruit - Instagram fruitCreep https://www.youtube.com/loserfruit - Gaming fruitS https://www.youtube.com/lufu - Vlogs fruitSass https://www.reddit.com/r/LoserfruitOfficial - Reddit FeelsRedditMan,nightbot,"2022-11-17 15:39:06,183"
HUHH,mrstiara,"2022-11-17 15:39:12,566"
the viewerrship is high though,loupinstormborn,"2022-11-17 15:39:16,399"
weird,loupinstormborn,"2022-11-17 15:39:17,962"
Iâ€™ll take his juice,bengrik,"2022-11-17 15:39:22,502"
maybe some other reasoning,mrstiara,"2022-11-17 15:39:25,848"
she can take my blood WubTF,loupinstormborn,"2022-11-17 15:39:41,421"
HUHH,mrstiara,"2022-11-17 15:39:48,379"
DansGame X,loupinstormborn,"2022-11-17 15:40:05,079"
DansGame,mrstiara,"2022-11-17 15:40:06,076"
DansGame,bengrik,"2022-11-17 15:40:09,316"
the final squeeze?,bengrik,"2022-11-17 15:40:23,581"
poroPls,mrstiara,"2022-11-17 15:40:24,716"
peepoPooPoo,bengrik,"2022-11-17 15:40:27,443"
peepoPooPoo BRB going poopy,nightbot,"2022-11-17 15:40:27,596"
juice it Kreygasm,loupinstormborn,"2022-11-17 15:40:31,032"
I dont care nightbot,loupinstormborn,"2022-11-17 15:40:40,012"
wow..,mrstiara,"2022-11-17 15:40:46,219"
ruined,mrstiara,"2022-11-17 15:40:48,567"
idk whatâ€™s happening,bengrik,"2022-11-17 15:40:56,955"
OMEGALUL,loupinstormborn,"2022-11-17 15:40:59,364"
why do they always do something else OMEGADANCEBUTFAST,mrstiara,"2022-11-17 15:41:03,333"
so scuffed,mrstiara,"2022-11-17 15:41:05,737"
twitch brains,loupinstormborn,"2022-11-17 15:41:11,948"
FeelsDankMan,loupinstormborn,"2022-11-17 15:41:14,465"
they always do other thannur supposed to,mrstiara,"2022-11-17 15:41:19,432"
every time,mrstiara,"2022-11-17 15:41:21,945"
LULW where is she going,loupinstormborn,"2022-11-17 15:41:30,473"
just grab the bucket and empty it then,mrstiara,"2022-11-17 15:41:35,150"
forsenCD,mrstiara,"2022-11-17 15:41:38,755"
LMAOOOOOOOO,mrstiara,"2022-11-17 15:41:47,371"
OMEGADANCEBUTFAST,bengrik,"2022-11-17 15:41:54,898"
OMEGAJUICED LOST IT,mrstiara,"2022-11-17 15:41:59,543"
elisOmega,mrstiara,"2022-11-17 15:42:02,242"
elisOmega ó €€,mrstiara,"2022-11-17 15:42:04,156"
I'm glad I dont have to clean this up,loupinstormborn,"2022-11-17 15:42:06,783"
elisOmega,mrstiara,"2022-11-17 15:42:06,875"
i play powerwash sim for fun,mrstiara,"2022-11-17 15:42:16,050"
Aware,mrstiara,"2022-11-17 15:42:18,115"
that game is amazing,loupinstormborn,"2022-11-17 15:42:24,049"
yes,mrstiara,"2022-11-17 15:42:26,779"
i think im on the last map,mrstiara,"2022-11-17 15:42:31,828"
it tickles my brain Kreygasm,loupinstormborn,"2022-11-17 15:42:34,084"
fr fr,mrstiara,"2022-11-17 15:42:40,325"
do you have the best power washer,bengrik,"2022-11-17 15:42:43,195"
yes,mrstiara,"2022-11-17 15:42:45,986"
of course,mrstiara,"2022-11-17 15:42:47,413"
im a pro gamer,mrstiara,"2022-11-17 15:42:50,447"
EZ,loupinstormborn,"2022-11-17 15:42:53,175"
PagBounce,bengrik,"2022-11-17 15:42:53,892"
OMEGADANCEBUTFAST,mrstiara,"2022-11-17 15:43:07,360"
im so confused,mrstiara,"2022-11-17 15:43:31,497"
me too,bengrik,"2022-11-17 15:43:36,391"
why are they cutitng it,mrstiara,"2022-11-17 15:43:38,659"
scuffed game LULW,loupinstormborn,"2022-11-17 15:43:40,145"
just go with it,bengrik,"2022-11-17 15:43:41,920"
donâ€™t question it,bengrik,"2022-11-17 15:43:51,381"
rich LULW,loupinstormborn,"2022-11-17 15:44:05,845"
i dont understand it either,mrstiara,"2022-11-17 15:44:08,142"
HAHAHAHAHA,mrstiara,"2022-11-17 15:44:10,633"
HAHAHAHHHAHAHAHAHAHA,mrstiara,"2022-11-17 15:44:14,185"
OMEGADANCEBUTFAST,loupinstormborn,"2022-11-17 15:44:20,674"
forsenCD,mrstiara,"2022-11-17 15:44:20,997"
pee in it,mrstiara,"2022-11-17 15:44:24,752"
coom in it,loupinstormborn,"2022-11-17 15:44:30,595"
CHILDREN,mrstiara,"2022-11-17 15:44:37,365"
do not,bengrik,"2022-11-17 15:44:38,223"
ATTENTION,mrstiara,"2022-11-17 15:44:40,616"
c um,bengrik,"2022-11-17 15:44:41,228"
D:,mrstiara,"2022-11-17 15:44:49,368"
3 months?,mrstiara,"2022-11-17 15:44:54,883"
D:,mrstiara,"2022-11-17 15:45:00,398"
D:,bengrik,"2022-11-17 15:45:05,687"
thats 2025 Aware,loupinstormborn,"2022-11-17 15:45:09,089"
ACTION fruitOmfy FOLLOW MY CATS HERE -> https://instagram.com/fruityscats fruitChonk,nightbot,"2022-11-17 15:45:14,164"
forsenLaughingAtYou,loupinstormborn,"2022-11-17 15:45:19,100"
OMEGADANCEBUTFAST,mrstiara,"2022-11-17 15:45:23,760"
OMEGADANCEBUTFAST ó €€,mrstiara,"2022-11-17 15:45:25,570"
nost scuffed game ever,mrstiara,"2022-11-17 15:45:30,290"
Jesus OMEGADANCEBUTFAST,bengrik,"2022-11-17 15:45:32,890"
holybfuck,mrstiara,"2022-11-17 15:45:32,975"
HAHAHAHAHAHSHSHSHAHAHAHSHSHSHSHSHSHSHSHAHAHAHAHAHSHAHAHAA,mrstiara,"2022-11-17 15:45:44,653"
EZ Clap rich,loupinstormborn,"2022-11-17 15:45:45,876"
I DONT GET IT,mrstiara,"2022-11-17 15:45:47,622"
HAHAHSHAHAHAHAHAHAHA,bengrik,"2022-11-17 15:45:48,585"
QHAT WAS THE POINT OF CUTTING,mrstiara,"2022-11-17 15:45:52,295"
U DONT GET IT,mrstiara,"2022-11-17 15:45:56,403"
chess pack RIPBOZO,puntoulis,"2022-11-17 15:45:56,634"
I DONT GET IT,mrstiara,"2022-11-17 15:46:01,176"
lets just go with it FeelsDankMan,loupinstormborn,"2022-11-17 15:46:13,147"
idk whatâ€™s happening,bengrik,"2022-11-17 15:46:16,168"
WTF?,mrstiara,"2022-11-17 15:46:16,674"
who made this up,mrstiara,"2022-11-17 15:46:21,662"
fucking lud,loupinstormborn,"2022-11-17 15:46:32,806"
fruitLud,mrstiara,"2022-11-17 15:46:37,619"
L wig,puntoulis,"2022-11-17 15:46:44,548"
fruitLud,puntoulis,"2022-11-17 15:46:47,489"
I am batman DarkKnight,uvgaming3,"2022-11-17 17:15:39,334"
Good evening OC peepoArrive,uvgaming3,"2022-11-17 17:16:05,702"
you cant be batman,killswitch2806,"2022-11-17 17:32:33,223"
cause im batman fruitHmm,killswitch2806,"2022-11-17 17:32:36,887"
lynD,veg6,"2022-11-17 17:35:27,930"
There can only be one and that is me you can be robin Hmm,uvgaming3,"2022-11-17 17:44:38,922"
im not some shitty side kick,killswitch2806,"2022-11-17 18:04:25,044"
y'all are just jealous,bengrik,"2022-11-18 13:15:17,337"
you're beautiful,mrstiara,"2022-11-18 13:23:00,412"
ðŸ¥º,bengrik,"2022-11-18 13:23:33,558"
T said shes gonna watch poki,bengrik,"2022-11-18 13:23:43,708"
is it for the drops?,ragingbeast01,"2022-11-18 13:24:58,271"
ThinkingAboutPokimane,jayr4ge,"2022-11-18 13:25:29,495"
"no, it's for my queen <3",mrstiara,"2022-11-18 13:30:40,471"
ow1?,killswitch2806,"2022-11-22 17:59:10,901"
masters,killswitch2806,"2022-11-22 17:59:17,159"
oh,puntoulis,"2022-11-22 17:59:37,670"
Is that just above bronze or...?,gigglezog,"2022-11-22 18:31:39,416"
I am batman DarkKnight,uvgaming3,"2022-11-22 18:35:24,834"
OC peepoHey,uvgaming3,"2022-11-22 18:36:03,936"
pretty much giggle,killswitch2806,"2022-11-22 18:37:50,314"
no you're not,killswitch2806,"2022-11-22 18:37:55,171"
Killy peepoHey trying to fake my identity Hmm,uvgaming3,"2022-11-22 18:38:41,970"
uv peepoHey,killswitch2806,"2022-11-22 18:39:14,390"
d,dturp2,"2022-11-22 18:40:41,114"
!followage pointlesstime987,dturp2,"2022-11-22 18:40:52,796"
forsenLaughingAtYou,big_fudgge,"2022-11-22 18:41:01,483"
pepePoint,uvgaming3,"2022-11-22 18:41:51,206"
Fudge peepoHey,uvgaming3,"2022-11-22 18:41:57,714"
uv elisWave,big_fudgge,"2022-11-22 18:42:19,973"
TriHard,big_fudgge,"2022-11-22 18:47:14,973"
WECANT,explosivesalt22,"2022-11-22 18:52:45,693"
Ghost,big_fudgge,"2022-11-22 19:54:22,660"
fruitTea,maximise20,"2022-11-23 10:18:47,573"
mrstiaShake,ravenswing,"2022-11-23 10:53:49,154"
peepoSHAKE what's happening?,puntoulis,"2022-11-23 10:54:07,376"
totally not the wrong chat mrstiaShake,ravenswing,"2022-11-23 10:54:31,204"
"peepoSHAKE oh i found it, had to turn it off all good now Okay",puntoulis,"2022-11-23 10:55:38,189"
fruitHmm,jayr4ge,"2022-11-23 10:56:20,551"
Hmm,youoh98,"2022-11-23 11:03:02,849"
how are we all today?,maximise20,"2022-11-23 11:05:27,330"
bored,jayr4ge,"2022-11-23 11:05:56,425"
doing great germany lost PepePls,killswitch2806,"2022-11-23 11:12:29,714"
pepeD *,killswitch2806,"2022-11-23 11:12:37,602"
pepeD,nightbot,"2022-11-23 11:12:37,764"
Cheergi JAPAN ðŸ‡¯ðŸ‡µ Cheergi JAPAN ðŸ‡¯ðŸ‡µ Cheergi JAPAN ðŸ‡¯ðŸ‡µ Cheergi JAPAN ðŸ‡¯ðŸ‡µ Cheergi JAPAN ðŸ‡¯ðŸ‡µ Cheergi JAPAN ðŸ‡¯ðŸ‡µ Cheergi,jayr4ge,"2022-11-23 11:12:43,428"
Cheergi JAPAN ðŸ‡¯ðŸ‡µ Cheergi JAPAN ðŸ‡¯ðŸ‡µ Cheergi JAPAN ðŸ‡¯ðŸ‡µ Cheergi JAPAN ðŸ‡¯ðŸ‡µ Cheergi JAPAN ðŸ‡¯ðŸ‡µ Cheergi JAPAN ðŸ‡¯ðŸ‡µ Cheergi,puntoulis,"2022-11-23 11:12:58,805"
Cheergi JAPAN ðŸ‡¯ðŸ‡µ Cheergi JAPAN ðŸ‡¯ðŸ‡µ Cheergi JAPAN ðŸ‡¯ðŸ‡µ Cheergi JAPAN ðŸ‡¯ðŸ‡µ Cheergi JAPAN ðŸ‡¯ðŸ‡µ Cheergi JAPAN ðŸ‡¯ðŸ‡µ Cheergi,maximise20,"2022-11-23 11:13:45,818"
fruitCalvo fruitCalvo fruitDerp fruitDerp fruitOOF fruitOOF fruitUGLY fruitUGLY,cgboy2012,"2022-11-23 11:23:14,556"
elisSit ó €€,mrstiara,"2022-11-23 13:21:21,615"
Peepi hi,puntoulis,"2022-11-23 13:24:30,827"
Happi hello,nightvamp_,"2022-11-23 13:25:01,151"
3HeadRave,jayr4ge,"2022-11-23 13:29:41,377"
hewoo,mrstiara,"2022-11-23 13:31:06,523"
Peepi,mrstiara,"2022-11-23 13:31:22,139"
howdy partner KKonaW,bengrik,"2022-11-23 13:31:30,541"
oi bruv,mrstiara,"2022-11-23 13:31:38,390"
3Head OI,puntoulis,"2022-11-23 13:31:49,195"
gday mate,bengrik,"2022-11-23 13:32:08,694"
i love my bed,mrstiara,"2022-11-23 13:36:34,261"
but i should exercise,mrstiara,"2022-11-23 13:36:40,353"
Thinkge,mrstiara,"2022-11-23 13:36:44,500"
but bed comfy,bengrik,"2022-11-23 13:37:11,677"
lisaaComfy,youoh98,"2022-11-23 13:52:24,876"
popCat,gigglezog,"2022-11-23 13:57:40,844"
hi,mrstiara,"2022-11-23 14:09:43,761"
bye,bengrik,"2022-11-23 14:09:53,425"
D:,mrstiara,"2022-11-23 14:11:41,188"
peepoLeave,mrstiara,"2022-11-23 14:11:50,270"
sorry,bengrik,"2022-11-23 14:11:53,423"
wait no ðŸ¥º,bengrik,"2022-11-23 14:11:56,372"
come back,bengrik,"2022-11-23 14:11:58,956"
AINTNOWAY,mrstiara,"2022-11-23 16:13:33,406"
fruitCheck,mrstiara,"2022-11-23 16:35:12,732"
hey,dinobronto,"2022-11-23 16:44:00,041"
hey,mrstiara,"2022-11-23 16:45:12,167"
T Uppies,explosivesalt22,"2022-11-23 16:45:24,693"
Ghost,big_fudgge,"2022-11-23 16:47:41,516"
salt Uppies,mrstiara,"2022-11-23 17:00:39,097"
fudge xqcL,mrstiara,"2022-11-23 17:00:47,132"
T elisLove,big_fudgge,"2022-11-23 17:01:19,691"
elisLove,mrstiara,"2022-11-23 17:02:22,307"
Just set up some pegboards on the back of my desk. They look to be quite nice for holding all my shit Pog,gigglezog,"2022-11-23 17:03:59,879"
Time to celebrate by going out and buying Woodford Reserve peaceLeaves,gigglezog,"2022-11-23 17:04:27,856"
My peripherals are all from Corsair. Check out the range here: https://go.corsair.com/c/2543939/498622/8513,nightbot,"2022-11-23 17:05:12,680"
peaceLeaves,mrstiara,"2022-11-23 17:05:52,940"
I am batman DarkKnight,uvgaming3,"2022-11-23 17:11:13,330"
Hey Everybody peepoHey,uvgaming3,"2022-11-23 17:11:32,257"
peg boards HUH,big_fudgge,"2022-11-23 17:12:42,049"
HUH,explosivesalt22,"2022-11-23 17:13:01,311"
peg deez,mrstiara,"2022-11-23 17:15:48,867"
Okay,big_fudgge,"2022-11-23 17:16:48,451"
WutFace,ilee2413,"2022-11-23 17:18:06,294"
i hope my gf doesnt ask that Ghost,explosivesalt22,"2022-11-23 17:22:03,009"
why not,mrstiara,"2022-11-23 17:22:12,630"
only if i can do it back to herðŸ˜ˆ,explosivesalt22,"2022-11-23 17:22:43,150"
Uppies,explosivesalt22,"2022-11-23 17:22:51,555"
HUHH,mrstiara,"2022-11-23 17:23:04,029"
anyway monkaLaugh,explosivesalt22,"2022-11-23 17:23:16,558"
6 more days TrollDespair,explosivesalt22,"2022-11-23 17:23:44,053"
